{"chunk_definitions":[{"row":18,"row_count":1,"visible":true,"expansion_state":0,"options":{"engine":"r","label":"setup","include":false},"document_id":"C3D40528","chunk_id":"csetup_chunk","chunk_label":"setup"},{"row":65,"row_count":1,"visible":true,"expansion_state":0,"options":{"engine":"r","label":"unnamed-chunk-2"},"document_id":"C3D40528","chunk_id":"ckg4totmfickc","chunk_label":"unnamed-chunk-1"},{"row":88,"row_count":1,"visible":true,"expansion_state":0,"options":{"engine":"r","label":"unnamed-chunk-1"},"document_id":"C3D40528","chunk_id":"cuqfhjie5e8sw","chunk_label":"unnamed-chunk-2"},{"row":102,"row_count":1,"visible":true,"expansion_state":0,"options":{"engine":"r","label":"unnamed-chunk-1"},"document_id":"C3D40528","chunk_id":"c6x00i6a71d5l","chunk_label":"unnamed-chunk-3"},{"row":116,"row_count":1,"visible":true,"expansion_state":0,"options":{"engine":"r","label":"unnamed-chunk-2"},"document_id":"C3D40528","chunk_id":"c6lr3cl156hft","chunk_label":"unnamed-chunk-4"},{"row":142,"row_count":1,"visible":true,"expansion_state":0,"options":{"engine":"r","label":"unnamed-chunk-9"},"document_id":"C3D40528","chunk_id":"cxy3ujqlndbww","chunk_label":"unnamed-chunk-5"},{"row":152,"row_count":1,"visible":true,"expansion_state":0,"options":{"engine":"r","label":"unnamed-chunk-29"},"document_id":"C3D40528","chunk_id":"cr5zpkzqi7lil","chunk_label":"unnamed-chunk-6"},{"row":160,"row_count":1,"visible":true,"expansion_state":0,"options":{"engine":"r","label":"unnamed-chunk-30"},"document_id":"C3D40528","chunk_id":"cmpr2dur8ze66","chunk_label":"unnamed-chunk-7"},{"row":171,"row_count":1,"visible":true,"expansion_state":0,"options":{"engine":"r","label":"unnamed-chunk-32"},"document_id":"C3D40528","chunk_id":"c3gjqtx7szake","chunk_label":"unnamed-chunk-8"},{"row":189,"row_count":1,"visible":true,"expansion_state":0,"options":{"engine":"r","label":"unnamed-chunk-2"},"document_id":"C3D40528","chunk_id":"cxk3e6qmexxyf","chunk_label":"unnamed-chunk-9"},{"row":204,"row_count":1,"visible":true,"expansion_state":0,"options":{"engine":"r","label":"unnamed-chunk-1"},"document_id":"C3D40528","chunk_id":"cagwb2vykmvla","chunk_label":"unnamed-chunk-10"},{"row":219,"row_count":1,"visible":true,"expansion_state":0,"options":{"engine":"r","label":"unnamed-chunk-5"},"document_id":"C3D40528","chunk_id":"cfejyjwydrqxt","chunk_label":"unnamed-chunk-11"}],"doc_write_time":1617726923,"working_dir":null,"default_chunk_options":{"echo":true},"chunk_rendered_width":409}