"0","# Your Work Here
dataset_scaled<-dataset_scaled %>%
  rowwise() %>% 
  mutate(
  dem_index = sum(under18_scale, over65_scale, PNonwhite_scale, PForeignborn_scale, P_FHHH_scale, Pov_scale, na.rm=TRUE),
  emp_index = sum(MHHI_scale, job_density_simple_scale, retail_density_simple_scale, na.rm=TRUE),
  hou_index = sum(P_Own_scale, MHV_scale, CostBurden_scale, median_gross_rent_scale, pct_hu_1_detached_scale, na.rm=TRUE),
  env_index = sum(CANCER_scale, RESP_scale, PTRAF_scale, PM25_scale, na.rm=TRUE),
  tra_index = sum(pct_transit_j2w_scale, median_commute_sale,na.rm=TRUE),
  tot_index = dem_index + emp_index + hou_index + env_index + tra_index
) 
"
"2","Error: Problem with `mutate()` input `tra_index`.
[31mx[39m object 'median_commute_sale' not found
[34mℹ[39m Input `tra_index` is `sum(pct_transit_j2w_scale, median_commute_sale, na.rm = TRUE)`.
[34mℹ[39m The error occurred in row 1.
[90mRun `rlang::last_error()` to see where the error occurred.[39m
"
