"0","# Your Work Here"
"0","dataset_scaled<-dataset %>% "
"0","  mutate_at(vars(under18, over65, P_Female, PNonwhite, PForeignborn, P_FHHH, Pov, MHHI, P_Own, MHV, CostBurden, CANCER, RESP, PTRAF, PM25, pct_transit_j2w, median_gross_rent, pct_hu_1_detached, job_density_simple, retail_density_simple, median_commute), funs(scale))"
"2","`funs()` is deprecated as of dplyr 0.8.0.
Please use a list of either functions or lambdas: 

  # Simple named list: 
  list(mean = mean, median = median)

  # Auto named with `tibble::lst()`: 
  tibble::lst(mean, median)

  # Using lambdas
  list(~ mean(., trim = .2), ~ median(., na.rm = TRUE))
[90mThis warning is displayed once every 8 hours.[39m
[90mCall `lifecycle::last_warnings()` to see where this warning was generated.[39m"
