{"chunk_definitions":[{"row":43,"row_count":1,"visible":true,"expansion_state":0,"options":[],"document_id":null,"chunk_id":"cbpp1uie20kmi","chunk_label":"unnamed-chunk-1"},{"row":51,"row_count":1,"visible":true,"expansion_state":0,"options":[],"document_id":null,"chunk_id":"ctqszhmbs7oun","chunk_label":"unnamed-chunk-2"},{"row":63,"row_count":1,"visible":true,"expansion_state":0,"options":[],"document_id":null,"chunk_id":"c9m78cqntkoqq","chunk_label":"unnamed-chunk-3"},{"row":98,"row_count":1,"visible":true,"expansion_state":0,"options":[],"document_id":null,"chunk_id":"cwknpsk83wo27","chunk_label":"unnamed-chunk-4"},{"row":136,"row_count":1,"visible":true,"expansion_state":0,"options":[],"document_id":null,"chunk_id":"c0l1ovox1w5u3","chunk_label":"unnamed-chunk-5"},{"row":156,"row_count":1,"visible":true,"expansion_state":0,"options":[],"document_id":null,"chunk_id":"cabl4zj8onqm6","chunk_label":"unnamed-chunk-6"},{"row":176,"row_count":1,"visible":true,"expansion_state":0,"options":[],"document_id":null,"chunk_id":"cm0sot4p1twou","chunk_label":"unnamed-chunk-7"},{"row":183,"row_count":1,"visible":true,"expansion_state":0,"options":[],"document_id":null,"chunk_id":"cikfao12t8zuv","chunk_label":"unnamed-chunk-8"},{"row":193,"row_count":1,"visible":true,"expansion_state":0,"options":[],"document_id":null,"chunk_id":"cqd26ifn0m5n9","chunk_label":"unnamed-chunk-9"},{"row":202,"row_count":1,"visible":true,"expansion_state":0,"options":[],"document_id":null,"chunk_id":"ci9r3j3m1owi7","chunk_label":"unnamed-chunk-10"},{"row":211,"row_count":1,"visible":true,"expansion_state":0,"options":[],"document_id":null,"chunk_id":"cyzkqjlupnibl","chunk_label":"unnamed-chunk-11"},{"row":218,"row_count":1,"visible":true,"expansion_state":0,"options":[],"document_id":null,"chunk_id":"clqlh8fanfaq9","chunk_label":"unnamed-chunk-12"},{"row":224,"row_count":1,"visible":true,"expansion_state":0,"options":[],"document_id":null,"chunk_id":"cff2t95uy3ffd","chunk_label":"unnamed-chunk-13"},{"row":235,"row_count":1,"visible":true,"expansion_state":0,"options":[],"document_id":null,"chunk_id":"cstdujoysoijh","chunk_label":"unnamed-chunk-14"},{"row":249,"row_count":1,"visible":true,"expansion_state":0,"options":[],"document_id":null,"chunk_id":"cx28h82hjyid4","chunk_label":"unnamed-chunk-15"}],"doc_write_time":1611977249}