{"chunk_definitions":[{"row":16,"row_count":1,"visible":true,"expansion_state":0,"options":{"engine":"r","label":"setup","include":false},"document_id":"9E51FB14","chunk_id":"csetup_chunk","chunk_label":"setup"},{"row":49,"row_count":1,"visible":true,"expansion_state":0,"options":{"engine":"r","label":"unnamed-chunk-1"},"document_id":"9E51FB14","chunk_id":"cbyd7f727kw9k","chunk_label":"unnamed-chunk-1"},{"row":73,"row_count":1,"visible":true,"expansion_state":0,"options":{"engine":"r","label":"unnamed-chunk-2"},"document_id":"9E51FB14","chunk_id":"cbzrevsatrr0a","chunk_label":"unnamed-chunk-4"},{"row":107,"row_count":1,"visible":true,"expansion_state":0,"options":{"engine":"r","label":"unnamed-chunk-10"},"document_id":"9E51FB14","chunk_id":"c94d42irp2gwd","chunk_label":"unnamed-chunk-7"},{"row":172,"row_count":1,"visible":true,"expansion_state":0,"options":{"engine":"r","label":"unnamed-chunk-3"},"document_id":"9E51FB14","chunk_id":"csogecbs5vdhg","chunk_label":"unnamed-chunk-14"},{"row":213,"row_count":1,"visible":true,"expansion_state":0,"options":{"engine":"r","label":"unnamed-chunk-4"},"document_id":"9E51FB14","chunk_id":"cru7s76exje48","chunk_label":"unnamed-chunk-18"},{"row":223,"row_count":1,"visible":true,"expansion_state":0,"options":{"engine":"r","label":"unnamed-chunk-5"},"document_id":"9E51FB14","chunk_id":"cc5jl9dvlvlil","chunk_label":"unnamed-chunk-19"},{"row":229,"row_count":1,"visible":true,"expansion_state":0,"options":{"engine":"r","label":"unnamed-chunk-6"},"document_id":"9E51FB14","chunk_id":"c1cz9uq3075q9","chunk_label":"unnamed-chunk-20"},{"row":243,"row_count":1,"visible":true,"expansion_state":0,"options":{"engine":"r","label":"unnamed-chunk-7"},"document_id":"9E51FB14","chunk_id":"clbdbz6w0cu1c","chunk_label":"unnamed-chunk-22"},{"row":253,"row_count":1,"visible":true,"expansion_state":0,"options":{"engine":"r","label":"unnamed-chunk-8"},"document_id":"9E51FB14","chunk_id":"c7bitxwljjmzz","chunk_label":"unnamed-chunk-23"},{"row":266,"row_count":1,"visible":true,"expansion_state":0,"options":{"engine":"r","label":"unnamed-chunk-11"},"document_id":"9E51FB14","chunk_id":"crs2b9c3j1w57","chunk_label":"unnamed-chunk-24"},{"row":280,"row_count":1,"visible":true,"expansion_state":0,"options":{"engine":"r","label":"unnamed-chunk-12"},"document_id":"9E51FB14","chunk_id":"c86bog69j0kjl","chunk_label":"unnamed-chunk-25"},{"row":296,"row_count":1,"visible":true,"expansion_state":0,"options":{"engine":"r","label":"unnamed-chunk-14"},"document_id":"9E51FB14","chunk_id":"c9jps4vqm1imv","chunk_label":"unnamed-chunk-26"},{"row":317,"row_count":1,"visible":true,"expansion_state":0,"options":{"engine":"r","label":"unnamed-chunk-15"},"document_id":"9E51FB14","chunk_id":"ccnr2z6qndizm","chunk_label":"unnamed-chunk-27"},{"row":329,"row_count":1,"visible":true,"expansion_state":0,"options":{"engine":"r","label":"unnamed-chunk-16"},"document_id":"9E51FB14","chunk_id":"crh4y43z3ubt7","chunk_label":"unnamed-chunk-28"},{"row":342,"row_count":1,"visible":true,"expansion_state":0,"options":{"engine":"r","label":"unnamed-chunk-17"},"document_id":"9E51FB14","chunk_id":"ctfpqukeeu3ik","chunk_label":"unnamed-chunk-29"},{"row":351,"row_count":1,"visible":true,"expansion_state":0,"options":{"engine":"r","label":"unnamed-chunk-18"},"document_id":"9E51FB14","chunk_id":"c1ef265bpdb62","chunk_label":"unnamed-chunk-30"}],"doc_write_time":1612239787,"working_dir":null,"default_chunk_options":{"echo":true}}