{"chunk_definitions":[{"row":22,"row_count":1,"visible":true,"expansion_state":0,"options":{"engine":"r","label":"X_LearningCurve","echo":false,"fig.cap":"Learning Curves for Popular Data Analysis Tools ","out.width":"20%"},"document_id":"8DCA048C","chunk_id":"cb3p0z0xrs8lq","chunk_label":"X_LearningCurve"},{"row":54,"row_count":1,"visible":true,"expansion_state":0,"options":{"engine":"r","label":"X_Analogy","echo":false,"fig.cap":"R and RStudio Analogy","out.width":"100%"},"document_id":"8DCA048C","chunk_id":"ci8iuqqiynaxs","chunk_label":"X_Analogy"},{"row":61,"row_count":1,"visible":true,"expansion_state":0,"options":{"engine":"r","label":"X_RStudio Interface","echo":false,"fig.cap":"RStudio Interface","out.width":"100%"},"document_id":"8DCA048C","chunk_id":"c3osqsmkgl5zs","chunk_label":"X_RStudio Interface"},{"row":117,"row_count":1,"visible":true,"expansion_state":0,"options":{"engine":"r","label":"unnamed-chunk-3"},"document_id":"15A9E6DF","chunk_id":"cm8iw0q1m2a9v","chunk_label":"unnamed-chunk-5"},{"row":131,"row_count":1,"visible":true,"expansion_state":0,"options":{"engine":"r","label":"unnamed-chunk-2"},"document_id":"8DCA048C","chunk_id":"c94flu67k6knf","chunk_label":"unnamed-chunk-7"},{"row":144,"row_count":1,"visible":true,"expansion_state":0,"options":{"engine":"r","label":"unnamed-chunk-4"},"document_id":"15A9E6DF","chunk_id":"cpdepojq6gmq8","chunk_label":"unnamed-chunk-9"},{"row":149,"row_count":1,"visible":true,"expansion_state":0,"options":{"engine":"r","label":"unnamed-chunk-5"},"document_id":"15A9E6DF","chunk_id":"cy4qw2phq4tmo","chunk_label":"unnamed-chunk-10"},{"row":155,"row_count":1,"visible":true,"expansion_state":0,"options":{"engine":"r","label":"unnamed-chunk-6"},"document_id":"15A9E6DF","chunk_id":"czcrqiw8qjm8g","chunk_label":"unnamed-chunk-11"},{"row":159,"row_count":1,"visible":true,"expansion_state":0,"options":{"engine":"r","label":"unnamed-chunk-7"},"document_id":"15A9E6DF","chunk_id":"cjkaaxfd4phzy","chunk_label":"unnamed-chunk-12"},{"row":166,"row_count":1,"visible":true,"expansion_state":0,"options":{"engine":"r","label":"unnamed-chunk-8"},"document_id":"15A9E6DF","chunk_id":"cfiw5k6reoygx","chunk_label":"unnamed-chunk-13"},{"row":170,"row_count":1,"visible":true,"expansion_state":0,"options":{"engine":"r","label":"unnamed-chunk-9"},"document_id":"8DCA048C","chunk_id":"cppvajev608m3","chunk_label":"unnamed-chunk-14"},{"row":174,"row_count":1,"visible":true,"expansion_state":0,"options":{"engine":"r","label":"unnamed-chunk-5"},"document_id":"8DCA048C","chunk_id":"cy1b7ux32lu1c","chunk_label":"unnamed-chunk-15"},{"row":184,"row_count":1,"visible":true,"expansion_state":0,"options":{"engine":"r","label":"unnamed-chunk-7"},"document_id":"8DCA048C","chunk_id":"cai5r0rbhjf26","chunk_label":"unnamed-chunk-17"},{"row":190,"row_count":1,"visible":true,"expansion_state":0,"options":{"engine":"r","label":"unnamed-chunk-8"},"document_id":"8DCA048C","chunk_id":"c9o659qxjpplq","chunk_label":"unnamed-chunk-18"},{"row":197,"row_count":1,"visible":true,"expansion_state":0,"options":{"engine":"r","label":"unnamed-chunk-10"},"document_id":"8DCA048C","chunk_id":"c1znlotz0qr3z","chunk_label":"unnamed-chunk-19"},{"row":203,"row_count":1,"visible":true,"expansion_state":0,"options":{"engine":"r","label":"unnamed-chunk-11"},"document_id":"8DCA048C","chunk_id":"cpo6qjery8mgt","chunk_label":"unnamed-chunk-20"},{"row":209,"row_count":1,"visible":true,"expansion_state":0,"options":{"engine":"r","label":"unnamed-chunk-12"},"document_id":"15A9E6DF","chunk_id":"cx6w6lneo6mez","chunk_label":"unnamed-chunk-21"},{"row":222,"row_count":1,"visible":true,"expansion_state":0,"options":{"engine":"r","label":"unnamed-chunk-13"},"document_id":"8DCA048C","chunk_id":"cxxnqh24j8jde","chunk_label":"unnamed-chunk-22"},{"row":226,"row_count":1,"visible":true,"expansion_state":0,"options":{"engine":"r","label":"unnamed-chunk-2"},"document_id":"8DCA048C","chunk_id":"comsetz6fdkti","chunk_label":"unnamed-chunk-23"},{"row":230,"row_count":1,"visible":true,"expansion_state":0,"options":{"engine":"r","label":"unnamed-chunk-3"},"document_id":"8DCA048C","chunk_id":"cd65onz4jarqb","chunk_label":"unnamed-chunk-24"},{"row":238,"row_count":1,"visible":true,"expansion_state":0,"options":{"engine":"r","label":"unnamed-chunk-16"},"document_id":"15A9E6DF","chunk_id":"ck9zcuxjtr45e","chunk_label":"unnamed-chunk-25"},{"row":243,"row_count":1,"visible":true,"expansion_state":0,"options":{"engine":"r","label":"unnamed-chunk-17"},"document_id":"15A9E6DF","chunk_id":"ct6djlm8qv21r","chunk_label":"unnamed-chunk-26"},{"row":257,"row_count":1,"visible":true,"expansion_state":0,"options":{"engine":"r","label":"unnamed-chunk-19"},"document_id":"15A9E6DF","chunk_id":"c78s46cuaath8","chunk_label":"unnamed-chunk-27"},{"row":261,"row_count":1,"visible":true,"expansion_state":0,"options":{"engine":"r","label":"unnamed-chunk-20"},"document_id":"15A9E6DF","chunk_id":"cwigtuaewr7ao","chunk_label":"unnamed-chunk-28"},{"row":271,"row_count":1,"visible":true,"expansion_state":0,"options":{"engine":"r","label":"unnamed-chunk-22"},"document_id":"8DCA048C","chunk_id":"cf65wb01xsrab","chunk_label":"unnamed-chunk-29"},{"row":277,"row_count":1,"visible":true,"expansion_state":0,"options":{"engine":"r","label":"unnamed-chunk-23"},"document_id":"15A9E6DF","chunk_id":"cp87it4zb0xsi","chunk_label":"unnamed-chunk-30"},{"row":283,"row_count":1,"visible":true,"expansion_state":0,"options":{"engine":"r","label":"unnamed-chunk-24"},"document_id":"15A9E6DF","chunk_id":"czkexdsbzj1fg","chunk_label":"unnamed-chunk-31"},{"row":288,"row_count":1,"visible":true,"expansion_state":0,"options":{"engine":"r","label":"unnamed-chunk-25"},"document_id":"8DCA048C","chunk_id":"cphos9bxpvow7","chunk_label":"unnamed-chunk-32"},{"row":299,"row_count":1,"visible":true,"expansion_state":0,"options":{"engine":"r","label":"unnamed-chunk-27"},"document_id":"15A9E6DF","chunk_id":"cfx4h4pzhb66e","chunk_label":"unnamed-chunk-33"},{"row":306,"row_count":1,"visible":true,"expansion_state":0,"options":{"engine":"r","label":"unnamed-chunk-1"},"document_id":"8DCA048C","chunk_id":"c0icsi4ar9fkm","chunk_label":"unnamed-chunk-34"},{"row":318,"row_count":1,"visible":true,"expansion_state":0,"options":{"engine":"r","label":"unnamed-chunk-2"},"document_id":"15A9E6DF","chunk_id":"co7l2zr8z4r3r","chunk_label":"unnamed-chunk-35"},{"row":324,"row_count":1,"visible":true,"expansion_state":0,"options":{"engine":"r","label":"unnamed-chunk-4"},"document_id":"15A9E6DF","chunk_id":"c5dkzxqrqytpy","chunk_label":"unnamed-chunk-36"},{"row":333,"row_count":1,"visible":true,"expansion_state":0,"options":{"engine":"r","label":"unnamed-chunk-5"},"document_id":"15A9E6DF","chunk_id":"csq041wn17web","chunk_label":"unnamed-chunk-37"},{"row":337,"row_count":1,"visible":true,"expansion_state":0,"options":{"engine":"r","label":"unnamed-chunk-6"},"document_id":"15A9E6DF","chunk_id":"c89ih3n4typpj","chunk_label":"unnamed-chunk-38"},{"row":343,"row_count":1,"visible":true,"expansion_state":0,"options":{"engine":"r","label":"unnamed-chunk-7"},"document_id":"15A9E6DF","chunk_id":"ctczq4hoxjpxa","chunk_label":"unnamed-chunk-39"},{"row":350,"row_count":1,"visible":true,"expansion_state":0,"options":{"engine":"r","label":"unnamed-chunk-8"},"document_id":"15A9E6DF","chunk_id":"cswo1g12sw91t","chunk_label":"unnamed-chunk-40"},{"row":356,"row_count":1,"visible":true,"expansion_state":0,"options":{"engine":"r","label":"unnamed-chunk-9"},"document_id":"15A9E6DF","chunk_id":"ce7p2hfq1q14f","chunk_label":"unnamed-chunk-41"},{"row":376,"row_count":1,"visible":true,"expansion_state":0,"options":{"engine":"r","label":"unnamed-chunk-10"},"document_id":"15A9E6DF","chunk_id":"cc0nxua9qr3qq","chunk_label":"unnamed-chunk-43"},{"row":384,"row_count":1,"visible":true,"expansion_state":0,"options":{"engine":"r","label":"unnamed-chunk-11"},"document_id":"15A9E6DF","chunk_id":"ccaxwkjxued10","chunk_label":"unnamed-chunk-44"},{"row":391,"row_count":1,"visible":true,"expansion_state":0,"options":{"engine":"r","label":"unnamed-chunk-12"},"document_id":"15A9E6DF","chunk_id":"c5i3zlhcxzhyk","chunk_label":"unnamed-chunk-45"},{"row":396,"row_count":1,"visible":true,"expansion_state":0,"options":{"engine":"r","label":"unnamed-chunk-13"},"document_id":"15A9E6DF","chunk_id":"ckjzkfglznbmf","chunk_label":"unnamed-chunk-46"},{"row":420,"row_count":1,"visible":true,"expansion_state":0,"options":{"engine":"r","label":"unnamed-chunk-15"},"document_id":"15A9E6DF","chunk_id":"cnzfiw0xpf53y","chunk_label":"unnamed-chunk-47"},{"row":441,"row_count":1,"visible":true,"expansion_state":0,"options":{"engine":"r","eval":false,"label":"unnamed-chunk-16"},"document_id":"15A9E6DF","chunk_id":"c6gvasb5xcb9z","chunk_label":"unnamed-chunk-49"},{"row":448,"row_count":1,"visible":true,"expansion_state":0,"options":{"engine":"r","label":"unnamed-chunk-17"},"document_id":"15A9E6DF","chunk_id":"cuwyiw9p5lk9k","chunk_label":"unnamed-chunk-50"},{"row":507,"row_count":1,"visible":true,"expansion_state":0,"options":{"engine":"r","label":"unnamed-chunk-18"},"document_id":"15A9E6DF","chunk_id":"c6cr1fwctnb3q","chunk_label":"unnamed-chunk-53"},{"row":522,"row_count":1,"visible":true,"expansion_state":0,"options":{"engine":"r","label":"unnamed-chunk-21"},"document_id":"15A9E6DF","chunk_id":"c65gx2acwqsxg","chunk_label":"unnamed-chunk-55"},{"row":529,"row_count":1,"visible":true,"expansion_state":0,"options":{"engine":"r","label":"unnamed-chunk-22"},"document_id":"15A9E6DF","chunk_id":"c9yaj6ljbl09b","chunk_label":"unnamed-chunk-56"},{"row":535,"row_count":1,"visible":true,"expansion_state":0,"options":{"engine":"r","label":"unnamed-chunk-23"},"document_id":"15A9E6DF","chunk_id":"cst9xx0z46ukh","chunk_label":"unnamed-chunk-57"},{"row":542,"row_count":1,"visible":true,"expansion_state":0,"options":{"engine":"r","label":"unnamed-chunk-24"},"document_id":"15A9E6DF","chunk_id":"cuprnsvz38jcv","chunk_label":"unnamed-chunk-58"},{"row":551,"row_count":1,"visible":true,"expansion_state":0,"options":{"engine":"r","label":"unnamed-chunk-33"},"document_id":"15A9E6DF","chunk_id":"cx2rp4t7z70qz","chunk_label":"unnamed-chunk-59"},{"row":563,"row_count":1,"visible":true,"expansion_state":0,"options":{"engine":"r","label":"unnamed-chunk-36"},"document_id":"15A9E6DF","chunk_id":"ctcbfvzik7d7z","chunk_label":"unnamed-chunk-60"},{"row":569,"row_count":1,"visible":true,"expansion_state":0,"options":{"engine":"r","label":"unnamed-chunk-37"},"document_id":"15A9E6DF","chunk_id":"c6pm0ion72xe7","chunk_label":"unnamed-chunk-61"},{"row":580,"row_count":1,"visible":true,"expansion_state":0,"options":{"engine":"r","label":"unnamed-chunk-38"},"document_id":"15A9E6DF","chunk_id":"cuqb9m8ksdqki","chunk_label":"unnamed-chunk-62"},{"row":585,"row_count":1,"visible":true,"expansion_state":0,"options":{"engine":"r","label":"unnamed-chunk-39"},"document_id":"15A9E6DF","chunk_id":"croljw2gx7i2i","chunk_label":"unnamed-chunk-63"},{"row":592,"row_count":1,"visible":true,"expansion_state":0,"options":{"engine":"r","label":"unnamed-chunk-41"},"document_id":"15A9E6DF","chunk_id":"c60gy77ixq451","chunk_label":"unnamed-chunk-64"},{"row":598,"row_count":1,"visible":true,"expansion_state":0,"options":{"engine":"r","label":"unnamed-chunk-43"},"document_id":"15A9E6DF","chunk_id":"c5nmc6bxvu15t","chunk_label":"unnamed-chunk-65"},{"row":608,"row_count":1,"visible":true,"expansion_state":0,"options":{"engine":"r","label":"unnamed-chunk-47"},"document_id":"15A9E6DF","chunk_id":"ctupsuxt0sw49","chunk_label":"unnamed-chunk-66"},{"row":620,"row_count":1,"visible":true,"expansion_state":0,"options":{"engine":"r","label":"unnamed-chunk-52"},"document_id":"15A9E6DF","chunk_id":"cdpsteqxx36km","chunk_label":"unnamed-chunk-67"},{"row":627,"row_count":1,"visible":true,"expansion_state":0,"options":{"engine":"r","label":"unnamed-chunk-56"},"document_id":"15A9E6DF","chunk_id":"caerbh8lo8lwk","chunk_label":"unnamed-chunk-68"},{"row":645,"row_count":1,"visible":true,"expansion_state":0,"options":{"engine":"r","label":"unnamed-chunk-1"},"document_id":"15A9E6DF","chunk_id":"cxek8uhpysgym","chunk_label":"unnamed-chunk-70"}],"doc_write_time":1612236280}