{"chunk_definitions":[{"row":22,"row_count":1,"visible":true,"expansion_state":0,"options":[],"document_id":null,"chunk_id":"cl11mv7ftf7ds","chunk_label":"X_LearningCurve"},{"row":54,"row_count":1,"visible":true,"expansion_state":0,"options":[],"document_id":null,"chunk_id":"csyrxdwouab32","chunk_label":"X_Analogy"},{"row":61,"row_count":1,"visible":true,"expansion_state":0,"options":[],"document_id":null,"chunk_id":"c8r76s0djihkv","chunk_label":"X_RStudio Interface"},{"row":77,"row_count":1,"visible":true,"expansion_state":0,"options":[],"document_id":null,"chunk_id":"c3k9rj8hngaz5","chunk_label":"unnamed-chunk-1"},{"row":87,"row_count":1,"visible":true,"expansion_state":0,"options":[],"document_id":null,"chunk_id":"cewx80pnxy53w","chunk_label":"unnamed-chunk-2"},{"row":93,"row_count":1,"visible":true,"expansion_state":0,"options":[],"document_id":null,"chunk_id":"cihvx3moy7x16","chunk_label":"unnamed-chunk-3"},{"row":108,"row_count":1,"visible":true,"expansion_state":0,"options":[],"document_id":null,"chunk_id":"ck8akbb75lja9","chunk_label":"unnamed-chunk-4"},{"row":117,"row_count":1,"visible":true,"expansion_state":0,"options":[],"document_id":null,"chunk_id":"c9o99kw50mmgy","chunk_label":"unnamed-chunk-5"},{"row":125,"row_count":1,"visible":true,"expansion_state":0,"options":[],"document_id":null,"chunk_id":"c76q1nbg5now5","chunk_label":"unnamed-chunk-6"},{"row":129,"row_count":1,"visible":true,"expansion_state":0,"options":[],"document_id":null,"chunk_id":"ccx4ol0ui52h4","chunk_label":"unnamed-chunk-7"},{"row":138,"row_count":1,"visible":true,"expansion_state":0,"options":[],"document_id":null,"chunk_id":"cx77d94jpcog8","chunk_label":"unnamed-chunk-8"},{"row":143,"row_count":1,"visible":true,"expansion_state":0,"options":[],"document_id":null,"chunk_id":"cpjcvdui5r6nk","chunk_label":"unnamed-chunk-9"},{"row":149,"row_count":1,"visible":true,"expansion_state":0,"options":[],"document_id":null,"chunk_id":"c01muwdtx5lth","chunk_label":"unnamed-chunk-10"},{"row":153,"row_count":1,"visible":true,"expansion_state":0,"options":[],"document_id":null,"chunk_id":"c1y43g3vrznc7","chunk_label":"unnamed-chunk-11"},{"row":160,"row_count":1,"visible":true,"expansion_state":0,"options":[],"document_id":null,"chunk_id":"cmkc6vgrxeesq","chunk_label":"unnamed-chunk-12"},{"row":164,"row_count":1,"visible":true,"expansion_state":0,"options":[],"document_id":null,"chunk_id":"ckhalqbeievfh","chunk_label":"unnamed-chunk-13"},{"row":168,"row_count":1,"visible":true,"expansion_state":0,"options":[],"document_id":null,"chunk_id":"c8k2jmxlcs5cb","chunk_label":"unnamed-chunk-14"},{"row":172,"row_count":1,"visible":true,"expansion_state":0,"options":[],"document_id":null,"chunk_id":"c42cg2jbmhrmi","chunk_label":"unnamed-chunk-15"},{"row":178,"row_count":1,"visible":true,"expansion_state":0,"options":[],"document_id":null,"chunk_id":"cqskz18td1e7a","chunk_label":"unnamed-chunk-16"},{"row":184,"row_count":1,"visible":true,"expansion_state":0,"options":[],"document_id":null,"chunk_id":"czt53tft50aox","chunk_label":"unnamed-chunk-17"},{"row":190,"row_count":1,"visible":true,"expansion_state":0,"options":[],"document_id":null,"chunk_id":"cy30pdcw5g5bh","chunk_label":"unnamed-chunk-18"},{"row":195,"row_count":1,"visible":true,"expansion_state":0,"options":[],"document_id":null,"chunk_id":"cc2r49m11rhr6","chunk_label":"unnamed-chunk-19"},{"row":201,"row_count":1,"visible":true,"expansion_state":0,"options":[],"document_id":null,"chunk_id":"cj9av0v0evezc","chunk_label":"unnamed-chunk-20"},{"row":214,"row_count":1,"visible":true,"expansion_state":0,"options":[],"document_id":null,"chunk_id":"cvraqw8d75q67","chunk_label":"unnamed-chunk-21"},{"row":218,"row_count":1,"visible":true,"expansion_state":0,"options":[],"document_id":null,"chunk_id":"c817iy4mhfv4y","chunk_label":"unnamed-chunk-22"},{"row":222,"row_count":1,"visible":true,"expansion_state":0,"options":[],"document_id":null,"chunk_id":"c15l2318xb8l8","chunk_label":"unnamed-chunk-23"},{"row":227,"row_count":1,"visible":true,"expansion_state":0,"options":[],"document_id":null,"chunk_id":"c6rr9te76zy5e","chunk_label":"unnamed-chunk-24"},{"row":232,"row_count":1,"visible":true,"expansion_state":0,"options":[],"document_id":null,"chunk_id":"cj7bh9liey9rl","chunk_label":"unnamed-chunk-25"},{"row":246,"row_count":1,"visible":true,"expansion_state":0,"options":[],"document_id":null,"chunk_id":"cq6jd109mfork","chunk_label":"unnamed-chunk-26"},{"row":250,"row_count":1,"visible":true,"expansion_state":0,"options":[],"document_id":null,"chunk_id":"cu2a0l0cagrco","chunk_label":"unnamed-chunk-27"},{"row":260,"row_count":1,"visible":true,"expansion_state":0,"options":[],"document_id":null,"chunk_id":"czd6hgnf5hrhq","chunk_label":"unnamed-chunk-28"},{"row":265,"row_count":1,"visible":true,"expansion_state":0,"options":[],"document_id":null,"chunk_id":"cdj9zie1uq241","chunk_label":"unnamed-chunk-29"},{"row":270,"row_count":1,"visible":true,"expansion_state":0,"options":[],"document_id":null,"chunk_id":"ceilzwn38uqyd","chunk_label":"unnamed-chunk-30"},{"row":275,"row_count":1,"visible":true,"expansion_state":0,"options":[],"document_id":null,"chunk_id":"c8w8nc13tahxp","chunk_label":"unnamed-chunk-31"},{"row":283,"row_count":1,"visible":true,"expansion_state":0,"options":[],"document_id":null,"chunk_id":"clau56i32jhx9","chunk_label":"unnamed-chunk-32"},{"row":288,"row_count":1,"visible":true,"expansion_state":0,"options":[],"document_id":null,"chunk_id":"cg9qrb6j8sh8r","chunk_label":"unnamed-chunk-33"},{"row":299,"row_count":1,"visible":true,"expansion_state":0,"options":[],"document_id":null,"chunk_id":"cfzm7ay36h0n8","chunk_label":"unnamed-chunk-34"},{"row":305,"row_count":1,"visible":true,"expansion_state":0,"options":[],"document_id":null,"chunk_id":"cz614kepqgc48","chunk_label":"unnamed-chunk-35"},{"row":314,"row_count":1,"visible":true,"expansion_state":0,"options":[],"document_id":null,"chunk_id":"c6b0jplhqody0","chunk_label":"unnamed-chunk-36"},{"row":318,"row_count":1,"visible":true,"expansion_state":0,"options":[],"document_id":null,"chunk_id":"cagwyz4phi9o0","chunk_label":"unnamed-chunk-37"},{"row":324,"row_count":1,"visible":true,"expansion_state":0,"options":[],"document_id":null,"chunk_id":"cfliabzehr4ty","chunk_label":"unnamed-chunk-38"},{"row":330,"row_count":1,"visible":true,"expansion_state":0,"options":[],"document_id":null,"chunk_id":"cn4q38pst9np6","chunk_label":"unnamed-chunk-39"},{"row":336,"row_count":1,"visible":true,"expansion_state":0,"options":[],"document_id":null,"chunk_id":"cokrztsod3jiu","chunk_label":"unnamed-chunk-40"},{"row":347,"row_count":1,"visible":true,"expansion_state":0,"options":[],"document_id":null,"chunk_id":"c26a6fhy32lja","chunk_label":"unnamed-chunk-41"},{"row":355,"row_count":1,"visible":true,"expansion_state":0,"options":[],"document_id":null,"chunk_id":"c289d3gogqr5r","chunk_label":"unnamed-chunk-42"},{"row":363,"row_count":1,"visible":true,"expansion_state":0,"options":[],"document_id":null,"chunk_id":"cf9apoe7okua1","chunk_label":"unnamed-chunk-43"},{"row":370,"row_count":1,"visible":true,"expansion_state":0,"options":[],"document_id":null,"chunk_id":"c09qx65dpfr0b","chunk_label":"unnamed-chunk-44"},{"row":375,"row_count":1,"visible":true,"expansion_state":0,"options":[],"document_id":null,"chunk_id":"cu0808i6uqik6","chunk_label":"unnamed-chunk-45"},{"row":398,"row_count":1,"visible":true,"expansion_state":0,"options":[],"document_id":null,"chunk_id":"ckehmc2qj2oiv","chunk_label":"unnamed-chunk-46"},{"row":412,"row_count":1,"visible":true,"expansion_state":0,"options":[],"document_id":null,"chunk_id":"c4b3l9whwm7lv","chunk_label":"unnamed-chunk-47"},{"row":418,"row_count":1,"visible":true,"expansion_state":0,"options":[],"document_id":null,"chunk_id":"csgvqqf34yosr","chunk_label":"unnamed-chunk-48"},{"row":424,"row_count":1,"visible":true,"expansion_state":0,"options":[],"document_id":null,"chunk_id":"cjokh0no7al1o","chunk_label":"unnamed-chunk-49"},{"row":433,"row_count":1,"visible":true,"expansion_state":0,"options":[],"document_id":null,"chunk_id":"chsz6guja9zcg","chunk_label":"unnamed-chunk-50"},{"row":438,"row_count":1,"visible":true,"expansion_state":0,"options":[],"document_id":null,"chunk_id":"c69195dlzx7qg","chunk_label":"unnamed-chunk-51"},{"row":475,"row_count":1,"visible":true,"expansion_state":0,"options":[],"document_id":null,"chunk_id":"coyc8g0mt4mc5","chunk_label":"unnamed-chunk-52"},{"row":482,"row_count":1,"visible":true,"expansion_state":0,"options":[],"document_id":null,"chunk_id":"c3py0v3nxss5i","chunk_label":"unnamed-chunk-53"},{"row":489,"row_count":1,"visible":true,"expansion_state":0,"options":[],"document_id":null,"chunk_id":"cvrnbtrrzgcto","chunk_label":"unnamed-chunk-54"},{"row":496,"row_count":1,"visible":true,"expansion_state":0,"options":[],"document_id":null,"chunk_id":"c1djqa0gm6nzl","chunk_label":"unnamed-chunk-55"},{"row":502,"row_count":1,"visible":true,"expansion_state":0,"options":[],"document_id":null,"chunk_id":"ctmey2yp4srzk","chunk_label":"unnamed-chunk-56"},{"row":509,"row_count":1,"visible":true,"expansion_state":0,"options":[],"document_id":null,"chunk_id":"cg7ens0tihq9e","chunk_label":"unnamed-chunk-57"},{"row":517,"row_count":1,"visible":true,"expansion_state":0,"options":[],"document_id":null,"chunk_id":"cm3anr2j95qdi","chunk_label":"unnamed-chunk-58"},{"row":529,"row_count":1,"visible":true,"expansion_state":0,"options":[],"document_id":null,"chunk_id":"cutxk9lznlthi","chunk_label":"unnamed-chunk-59"},{"row":535,"row_count":1,"visible":true,"expansion_state":0,"options":[],"document_id":null,"chunk_id":"csmuokx44j3rr","chunk_label":"unnamed-chunk-60"},{"row":546,"row_count":1,"visible":true,"expansion_state":0,"options":[],"document_id":null,"chunk_id":"cx58jrgoelfim","chunk_label":"unnamed-chunk-61"},{"row":551,"row_count":1,"visible":true,"expansion_state":0,"options":[],"document_id":null,"chunk_id":"cashbiz6u9njn","chunk_label":"unnamed-chunk-62"},{"row":558,"row_count":1,"visible":true,"expansion_state":0,"options":[],"document_id":null,"chunk_id":"csny5xm5i7ygo","chunk_label":"unnamed-chunk-63"},{"row":564,"row_count":1,"visible":true,"expansion_state":0,"options":[],"document_id":null,"chunk_id":"cze7kxn57u9zk","chunk_label":"unnamed-chunk-64"},{"row":572,"row_count":1,"visible":true,"expansion_state":0,"options":[],"document_id":null,"chunk_id":"cf3nxug0lg6m6","chunk_label":"unnamed-chunk-65"},{"row":582,"row_count":1,"visible":true,"expansion_state":0,"options":[],"document_id":null,"chunk_id":"c313b9vflptdj","chunk_label":"unnamed-chunk-66"},{"row":588,"row_count":1,"visible":true,"expansion_state":0,"options":[],"document_id":null,"chunk_id":"cqrimi6mq8b0l","chunk_label":"unnamed-chunk-67"},{"row":596,"row_count":1,"visible":true,"expansion_state":0,"options":[],"document_id":null,"chunk_id":"cnjuxuqn8vlb3","chunk_label":"unnamed-chunk-68"},{"row":606,"row_count":1,"visible":true,"expansion_state":0,"options":[],"document_id":null,"chunk_id":"cdm190nllx9vm","chunk_label":"unnamed-chunk-69"}],"doc_write_time":1612236304}