{"chunk_definitions":[{"row":18,"row_count":1,"visible":true,"expansion_state":0,"options":{"engine":"r","label":"setup","include":false},"document_id":"00D5E2A4","chunk_id":"csetup_chunk","chunk_label":"setup"},{"row":35,"row_count":1,"visible":true,"expansion_state":0,"options":{"engine":"r","label":"unnamed-chunk-1"},"document_id":null,"chunk_id":"cc6a8v024n5yf","chunk_label":"unnamed-chunk-1"},{"row":84,"row_count":1,"visible":true,"expansion_state":0,"options":{"engine":"r","label":"unnamed-chunk-2"},"document_id":null,"chunk_id":"cs96bsnw5255o","chunk_label":"unnamed-chunk-2"},{"row":102,"row_count":1,"visible":true,"expansion_state":0,"options":{"engine":"r","label":"unnamed-chunk-3"},"document_id":"00D5E2A4","chunk_id":"c7blkb0g41222","chunk_label":"unnamed-chunk-3"},{"row":110,"row_count":1,"visible":true,"expansion_state":0,"options":{"engine":"r","label":"unnamed-chunk-4"},"document_id":null,"chunk_id":"c3w88dnp83yvf","chunk_label":"unnamed-chunk-4"},{"row":134,"row_count":1,"visible":true,"expansion_state":0,"options":{"engine":"r","label":"unnamed-chunk-5"},"document_id":"00D5E2A4","chunk_id":"c8e39p5vjbec1","chunk_label":"unnamed-chunk-5"},{"row":148,"row_count":1,"visible":true,"expansion_state":0,"options":{"engine":"r","label":"unnamed-chunk-6"},"document_id":null,"chunk_id":"cwuuqb6x22hlg","chunk_label":"unnamed-chunk-6"},{"row":200,"row_count":1,"visible":true,"expansion_state":0,"options":{"engine":"r","label":"unnamed-chunk-7"},"document_id":null,"chunk_id":"cscy402zuti0e","chunk_label":"unnamed-chunk-7"},{"row":209,"row_count":1,"visible":true,"expansion_state":0,"options":{"engine":"r","label":"unnamed-chunk-8"},"document_id":"00D5E2A4","chunk_id":"c7l90pqwj3im6","chunk_label":"unnamed-chunk-8"},{"row":225,"row_count":1,"visible":true,"expansion_state":0,"options":{"engine":"r","label":"unnamed-chunk-9"},"document_id":"00D5E2A4","chunk_id":"ciasa28ywe15b","chunk_label":"unnamed-chunk-9"},{"row":231,"row_count":1,"visible":true,"expansion_state":0,"options":{"engine":"r","label":"unnamed-chunk-10"},"document_id":null,"chunk_id":"cach7a5qpx1h4","chunk_label":"unnamed-chunk-10"},{"row":236,"row_count":1,"visible":true,"expansion_state":0,"options":{"engine":"r","label":"unnamed-chunk-11"},"document_id":"00D5E2A4","chunk_id":"cmzxh08docgav","chunk_label":"unnamed-chunk-11"},{"row":253,"row_count":1,"visible":true,"expansion_state":0,"options":{"engine":"r","label":"unnamed-chunk-12"},"document_id":"00D5E2A4","chunk_id":"cw5d3t840wy65","chunk_label":"unnamed-chunk-12"},{"row":264,"row_count":1,"visible":true,"expansion_state":0,"options":{"engine":"r","label":"unnamed-chunk-13"},"document_id":null,"chunk_id":"cotb56jpp85p4","chunk_label":"unnamed-chunk-13"},{"row":279,"row_count":1,"visible":true,"expansion_state":0,"options":{"engine":"r","label":"unnamed-chunk-14"},"document_id":null,"chunk_id":"cqp34m2wjaf3s","chunk_label":"unnamed-chunk-14"},{"row":288,"row_count":1,"visible":true,"expansion_state":0,"options":{"engine":"r","label":"unnamed-chunk-15"},"document_id":"00D5E2A4","chunk_id":"cv6i2eu0p5a2o","chunk_label":"unnamed-chunk-15"},{"row":307,"row_count":1,"visible":true,"expansion_state":0,"options":[],"document_id":null,"chunk_id":"cas363f9zkwg7","chunk_label":"unnamed-chunk-16"},{"row":313,"row_count":1,"visible":true,"expansion_state":0,"options":{"engine":"r","label":"unnamed-chunk-16"},"document_id":null,"chunk_id":"c93pfoei5wil4","chunk_label":"unnamed-chunk-17"},{"row":330,"row_count":1,"visible":true,"expansion_state":0,"options":{"engine":"r","label":"unnamed-chunk-17"},"document_id":"00D5E2A4","chunk_id":"c3yqfgniurtpx","chunk_label":"unnamed-chunk-18"},{"row":342,"row_count":1,"visible":true,"expansion_state":0,"options":{"engine":"r","label":"unnamed-chunk-18"},"document_id":"00D5E2A4","chunk_id":"cpop78o3baefd","chunk_label":"unnamed-chunk-19"},{"row":360,"row_count":1,"visible":true,"expansion_state":0,"options":{"engine":"r","label":"unnamed-chunk-2"},"document_id":null,"chunk_id":"cvhhtebu51n53","chunk_label":"unnamed-chunk-21"},{"row":409,"row_count":1,"visible":true,"expansion_state":0,"options":{"engine":"r","label":"unnamed-chunk-1"},"document_id":null,"chunk_id":"cwp5b0hieusgb","chunk_label":"unnamed-chunk-22"},{"row":436,"row_count":1,"visible":true,"expansion_state":0,"options":{"engine":"r","label":"unnamed-chunk-2"},"document_id":null,"chunk_id":"cmjxwtw39edac","chunk_label":"unnamed-chunk-23"},{"row":445,"row_count":1,"visible":true,"expansion_state":0,"options":{"engine":"r","label":"unnamed-chunk-3"},"document_id":null,"chunk_id":"c32cqu48jxf15","chunk_label":"unnamed-chunk-24"},{"row":479,"row_count":1,"visible":true,"expansion_state":0,"options":{"engine":"r","label":"unnamed-chunk-7"},"document_id":null,"chunk_id":"cpp7ofxw45edq","chunk_label":"unnamed-chunk-25"},{"row":487,"row_count":1,"visible":true,"expansion_state":0,"options":[],"document_id":null,"chunk_id":"cmloizd7dsgz7","chunk_label":"unnamed-chunk-26"},{"row":495,"row_count":1,"visible":true,"expansion_state":0,"options":{"engine":"r","label":"unnamed-chunk-8"},"document_id":null,"chunk_id":"c67alpl3y6nu7","chunk_label":"unnamed-chunk-27"},{"row":502,"row_count":1,"visible":true,"expansion_state":0,"options":{"engine":"r","label":"unnamed-chunk-9"},"document_id":null,"chunk_id":"cqg43dcwf9yj1","chunk_label":"unnamed-chunk-28"},{"row":511,"row_count":1,"visible":true,"expansion_state":0,"options":{"engine":"r","label":"unnamed-chunk-10"},"document_id":null,"chunk_id":"cgenqyzbj0xss","chunk_label":"unnamed-chunk-29"},{"row":539,"row_count":1,"visible":true,"expansion_state":0,"options":{"engine":"r","label":"unnamed-chunk-15"},"document_id":null,"chunk_id":"chxrnxl5cphpz","chunk_label":"unnamed-chunk-30"},{"row":548,"row_count":1,"visible":true,"expansion_state":0,"options":{"engine":"r","label":"unnamed-chunk-16"},"document_id":null,"chunk_id":"c6idyj79tk2xm","chunk_label":"unnamed-chunk-31"},{"row":557,"row_count":1,"visible":true,"expansion_state":0,"options":{"engine":"r","label":"unnamed-chunk-17"},"document_id":null,"chunk_id":"cv542o3gx3mlg","chunk_label":"unnamed-chunk-32"},{"row":564,"row_count":1,"visible":true,"expansion_state":0,"options":{"engine":"r","label":"unnamed-chunk-18"},"document_id":null,"chunk_id":"c5cc4wzsz60zt","chunk_label":"unnamed-chunk-33"},{"row":570,"row_count":1,"visible":true,"expansion_state":0,"options":{"engine":"r","label":"unnamed-chunk-19"},"document_id":null,"chunk_id":"c1bg7rcjkg77k","chunk_label":"unnamed-chunk-34"},{"row":580,"row_count":1,"visible":true,"expansion_state":0,"options":[],"document_id":null,"chunk_id":"ccgdh39nhzkue","chunk_label":"unnamed-chunk-35"},{"row":612,"row_count":1,"visible":true,"expansion_state":0,"options":{"engine":"r","label":"unnamed-chunk-1"},"document_id":null,"chunk_id":"c48c859r2anhv","chunk_label":"unnamed-chunk-36"},{"row":623,"row_count":1,"visible":true,"expansion_state":0,"options":{"engine":"r","label":"unnamed-chunk-1"},"document_id":null,"chunk_id":"cbka9eq1msacd","chunk_label":"unnamed-chunk-37"},{"row":633,"row_count":1,"visible":true,"expansion_state":0,"options":{"engine":"r","label":"unnamed-chunk-2"},"document_id":"00D5E2A4","chunk_id":"ccarhadegjdhs","chunk_label":"unnamed-chunk-38"},{"row":640,"row_count":1,"visible":true,"expansion_state":0,"options":{"engine":"r","label":"unnamed-chunk-1"},"document_id":null,"chunk_id":"cuec6x85102z4","chunk_label":"unnamed-chunk-39"},{"row":654,"row_count":1,"visible":true,"expansion_state":0,"options":[],"document_id":null,"chunk_id":"cs3d208udr2i6","chunk_label":"unnamed-chunk-40"},{"row":659,"row_count":1,"visible":true,"expansion_state":0,"options":{"engine":"r","label":"unnamed-chunk-1"},"document_id":null,"chunk_id":"cl4z4zm8oq7bc","chunk_label":"unnamed-chunk-41"},{"row":672,"row_count":1,"visible":true,"expansion_state":0,"options":{"engine":"r","label":"unnamed-chunk-8"},"document_id":null,"chunk_id":"csmd73a10v1pg","chunk_label":"unnamed-chunk-42"}],"doc_write_time":1616467514,"working_dir":null,"default_chunk_options":{"echo":true}}