"0","# Your Code Here
place_ethnicity_2017<- get_acs(geography = ""place"", state = ""IL"", variables = c(""B03002_001"", ""B03002_012""), year=2017, survey=""acs5"", output=""wide"") %>% 
  filter(NAME == ""Champaign city, Illinois"") %>% 
  mutate(pop_latino = (B03002_012E / B03002_001E)*100) %>% 
 select(NAME, pop_latino)
"
"2","Getting data from the 2013-2017 5-year ACS
"
"2","Using FIPS code '17' for state 'IL'
"
"0","# Your Code Here"
"0","place_ethnicity_2017<- get_acs(geography = ""place"", state = ""IL"", variables = c(""B03002_001"", ""B03002_012""), year=2017, survey=""acs5"", output=""wide"") %>% "
"0","  filter(NAME == ""Champaign city, Illinois"") %>% "
"0","  mutate(pop_latino = (B03002_012E / B03002_001E)*100) %>% "
"0"," select(NAME, pop_latino)"
"2","Getting data from the 2013-2017 5-year ACS
"
"2","Using FIPS code '17' for state 'IL'
"
"0","county_ethnicity_2017<-get_acs(geography = ""county"", state = ""IL"", variables = c(""B03002_001"", ""B03002_012""), year=2017, survey=""acs5"", output=""wide"") %>% "
"0","  filter(NAME == ""Champaign County, Illinois"") %>% "
"0","  mutate(pop_latino = (B03002_012E / B03002_001E)*100) %>% "
"0"," select(NAME, pop_latino)"
"2","Getting data from the 2013-2017 5-year ACS
"
"2","Using FIPS code '17' for state 'IL'
"
"0","county_ethnicity_2017<-get_acs(geography = ""county"", state = ""IL"", variables = c(""B03002_001"", ""B03002_012""), year=2017, survey=""acs5"", output=""wide"") %>% "
"0","  filter(NAME == ""Champaign County, Illinois"") %>% "
"0","  mutate(pop_latino = (B03002_012E / B03002_001E)*100) %>% "
"0"," select(NAME, pop_latino)"
"2","Getting data from the 2013-2017 5-year ACS
"
"2","Using FIPS code '17' for state 'IL'
"
"0","region_ethnicity_2017<- get_acs(geography = ""county"", state = ""IL"", variables = c(""B03002_001"", ""B03002_012""), year=2017, survey=""acs5"", output=""wide"") %>% "
"0","  filter(NAME %in% c(""Champaign County, Illinois"", ""Ford County, Illinois"", ""Piatt County, Illinois"")) %>% "
"0","  summarise(B03002_001E = sum(B03002_001E),"
"0","            B03002_012E = sum(B03002_012E)) %>% "
"0","  mutate(NAME = ""Region"")%>% "
"0","  mutate(pop_latino = (B03002_012E / B03002_001E)*100) %>% "
"0","  select(NAME, pop_latino)"
"2","Getting data from the 2013-2017 5-year ACS
"
"2","Using FIPS code '17' for state 'IL'
"
"0","region_ethnicity_2017<- get_acs(geography = ""county"", state = ""IL"", variables = c(""B03002_001"", ""B03002_012""), year=2017, survey=""acs5"", output=""wide"") %>% "
"0","  filter(NAME %in% c(""Champaign County, Illinois"", ""Ford County, Illinois"", ""Piatt County, Illinois"")) %>% "
"0","  summarise(B03002_001E = sum(B03002_001E),"
"0","            B03002_012E = sum(B03002_012E)) %>% "
"0","  mutate(NAME = ""Region"")%>% "
"0","  mutate(pop_latino = (B03002_012E / B03002_001E)*100) %>% "
"0","  select(NAME, pop_latino)"
"2","Getting data from the 2013-2017 5-year ACS
"
"2","Using FIPS code '17' for state 'IL'
"
"0","ethnicity_2017<-bind_rows(place_ethnicity_2017, county_ethnicity_2017, region_ethnicity_2017)"
