"0","covid<-read_csv(""https://raw.githubusercontent.com/nychealth/coronavirus-data/master/trends/caserate-by-modzcta.csv"")
"
"2","
[36m──[39m [1m[1mColumn specification[1m[22m [36m─────────────────────────────────────────────────────────────────────────────────[39m
cols(
  .default = col_double(),
  week_ending = [31mcol_character()[39m
)
[36mℹ[39m Use [38;5;235m[48;5;253m[38;5;235m[48;5;253m`spec()`[48;5;253m[38;5;235m[49m[39m for the full column specifications.

"
