{"chunk_definitions":[{"row":43,"row_count":1,"visible":true,"expansion_state":0,"options":[],"document_id":null,"chunk_id":"cehu3urq90ru1","chunk_label":"unnamed-chunk-1"},{"row":51,"row_count":1,"visible":true,"expansion_state":0,"options":[],"document_id":null,"chunk_id":"ccxdcsdmybayy","chunk_label":"unnamed-chunk-2"},{"row":63,"row_count":1,"visible":true,"expansion_state":0,"options":[],"document_id":null,"chunk_id":"c2gt5shj8swmo","chunk_label":"unnamed-chunk-3"},{"row":98,"row_count":1,"visible":true,"expansion_state":0,"options":[],"document_id":null,"chunk_id":"cyutcowm61an8","chunk_label":"unnamed-chunk-4"},{"row":136,"row_count":1,"visible":true,"expansion_state":0,"options":[],"document_id":null,"chunk_id":"ckrgytky1g2rq","chunk_label":"unnamed-chunk-5"},{"row":156,"row_count":1,"visible":true,"expansion_state":0,"options":[],"document_id":null,"chunk_id":"cz53vbnpj37u3","chunk_label":"unnamed-chunk-6"},{"row":197,"row_count":1,"visible":true,"expansion_state":0,"options":[],"document_id":null,"chunk_id":"c2wqngcf2ktov","chunk_label":"unnamed-chunk-9"},{"row":204,"row_count":1,"visible":true,"expansion_state":0,"options":[],"document_id":null,"chunk_id":"cxopzvpjl2q2y","chunk_label":"unnamed-chunk-10"},{"row":214,"row_count":1,"visible":true,"expansion_state":0,"options":[],"document_id":null,"chunk_id":"cnapmxi48kzhr","chunk_label":"unnamed-chunk-11"},{"row":223,"row_count":1,"visible":true,"expansion_state":0,"options":[],"document_id":null,"chunk_id":"ctho66f28z9tm","chunk_label":"unnamed-chunk-12"},{"row":232,"row_count":1,"visible":true,"expansion_state":0,"options":[],"document_id":null,"chunk_id":"cmmwg3yorlazq","chunk_label":"unnamed-chunk-13"},{"row":239,"row_count":1,"visible":true,"expansion_state":0,"options":[],"document_id":null,"chunk_id":"coc4xyut6cd8n","chunk_label":"unnamed-chunk-14"},{"row":245,"row_count":1,"visible":true,"expansion_state":0,"options":[],"document_id":null,"chunk_id":"cxt76lcu4itti","chunk_label":"unnamed-chunk-15"},{"row":256,"row_count":1,"visible":true,"expansion_state":0,"options":[],"document_id":null,"chunk_id":"cbmtd57x9v0fo","chunk_label":"unnamed-chunk-16"},{"row":270,"row_count":1,"visible":true,"expansion_state":0,"options":[],"document_id":null,"chunk_id":"ccc2rvbqjocf5","chunk_label":"unnamed-chunk-17"},{"row":296,"row_count":1,"visible":true,"expansion_state":0,"options":[],"document_id":null,"chunk_id":"ce1m2gso113i1","chunk_label":"factor-plot-default-order"},{"row":304,"row_count":1,"visible":true,"expansion_state":0,"options":[],"document_id":null,"chunk_id":"ctbac80enhiyz","chunk_label":"unnamed-chunk-18"},{"row":312,"row_count":1,"visible":true,"expansion_state":0,"options":[],"document_id":null,"chunk_id":"cbsjgeaa27i85","chunk_label":"unnamed-chunk-19"},{"row":333,"row_count":1,"visible":true,"expansion_state":0,"options":[],"document_id":null,"chunk_id":"cs7abcijkz365","chunk_label":"unnamed-chunk-20"},{"row":340,"row_count":1,"visible":true,"expansion_state":0,"options":[],"document_id":null,"chunk_id":"ckohj5qh852wr","chunk_label":"unnamed-chunk-21"},{"row":345,"row_count":1,"visible":true,"expansion_state":0,"options":[],"document_id":null,"chunk_id":"c97a1cx3x6qx1","chunk_label":"unnamed-chunk-22"},{"row":350,"row_count":1,"visible":true,"expansion_state":0,"options":[],"document_id":null,"chunk_id":"c7t68lepcp4pq","chunk_label":"unnamed-chunk-23"},{"row":355,"row_count":1,"visible":true,"expansion_state":0,"options":[],"document_id":null,"chunk_id":"ceee94xpx190u","chunk_label":"unnamed-chunk-24"},{"row":360,"row_count":1,"visible":true,"expansion_state":0,"options":[],"document_id":null,"chunk_id":"cmn9x03wdbnit","chunk_label":"unnamed-chunk-25"},{"row":365,"row_count":1,"visible":true,"expansion_state":0,"options":[],"document_id":null,"chunk_id":"cf9u7atmkk04a","chunk_label":"unnamed-chunk-26"}],"doc_write_time":1612041648}