"0","county_age_2017<-get_acs(geography = ""county"", state = ""IL"", table = ""B01001"", year=2017, survey=""acs5"", output=""tidy"") %>% 
  filter(NAME == ""Champaign County, Illinois"") %>% 
  mutate(variable = str_replace(variable, ""B01001_0"", """")) %>% filter(!variable %in% c(""01"", ""02"", ""26"")) %>% 
    mutate(variable_cat = case_when(
    variable == ""03"" ~ ""19 and Below"", 
    variable == ""04"" ~ ""19 and Below"", 
    variable == ""05"" ~ ""19 and Below"",
    variable == ""06"" ~ ""19 and Below"",
    variable == ""07"" ~ ""19 and Below"",
    variable == ""08"" ~ ""20 to 44"",
    variable == ""09"" ~ ""20 to 44"",
    variable == ""10"" ~ ""20 to 44"",
    variable == ""11"" ~ ""20 to 44"",
    variable == ""12"" ~ ""20 to 44"",
    variable == ""13"" ~ ""20 to 44"",
    variable == ""14"" ~ ""20 to 44"",
    variable == ""15"" ~ ""45 to 64"",
    variable == ""16"" ~ ""45 to 64"",
    variable == ""17"" ~ ""45 to 64"",
    variable == ""18"" ~ ""45 to 64"",
    variable == ""19"" ~ ""65 and Above"",
    variable == ""20"" ~ ""65 and Above"",
    variable == ""21"" ~ ""65 and Above"",
    variable == ""22"" ~ ""65 and Above"",
    variable == ""23"" ~ ""65 and Above"",
    variable == ""24"" ~ ""65 and Above"",
    variable == ""25"" ~ ""65 and Above"",
    variable == ""27"" ~ ""19 and Below"",
    variable == ""28"" ~ ""19 and Below"",
    variable == ""29"" ~ ""19 and Below"",
    variable == ""30"" ~ ""19 and Below"",
    variable == ""31"" ~ ""19 and Below"",
    variable == ""32"" ~ ""20 to 44"",
    variable == ""33"" ~ ""20 to 44"",
    variable == ""34"" ~ ""20 to 44"",
    variable == ""35"" ~ ""20 to 44"",
    variable == ""36"" ~ ""20 to 44"",
    variable == ""37"" ~ ""20 to 44"",
    variable == ""38"" ~ ""20 to 44"",
    variable == ""39"" ~ ""45 to 64"",
    variable == ""40"" ~ ""45 to 64"",
    variable == ""41"" ~ ""45 to 64"",
    variable == ""42"" ~ ""45 to 64"",
    variable == ""43"" ~ ""45 to 64"",
    variable == ""44"" ~ ""65 and Above"", 
    variable == ""45"" ~ ""65 and Above"",
    variable == ""46"" ~ ""65 and Above"",
    variable == ""47"" ~ ""65 and Above"",
    variable == ""48"" ~ ""65 and Above"",
    variable == ""49"" ~ ""65 and Above""
    )
  )%>% 
  group_by(variable_cat) %>% 
  summarise(age=sum(estimate))
"
"2","Getting data from the 2013-2017 5-year ACS
"
"2","Loading ACS5 variables for 2017 from table B01001. To cache this dataset for faster access to ACS tables in the future, run this function with `cache_table = TRUE`. You only need to do this once per ACS dataset.
"
"2","Using FIPS code '17' for state 'IL'
"
"2","Using FIPS code '17' for state 'IL'
"
"2","Using FIPS code '17' for state 'IL'
"
"2","`summarise()` ungrouping output (override with `.groups` argument)
"
"0","county_age_2017<-get_acs(geography = ""county"", state = ""IL"", table = ""B01001"", year=2017, survey=""acs5"", output=""tidy"") %>% "
"0","  filter(NAME == ""Champaign County, Illinois"") %>% "
"0","  mutate(variable = str_replace(variable, ""B01001_0"", """")) %>% filter(!variable %in% c(""01"", ""02"", ""26"")) %>% "
"0","    mutate(variable_cat = case_when("
"0","    variable == ""03"" ~ ""19 and Below"", "
"0","    variable == ""04"" ~ ""19 and Below"", "
"0","    variable == ""05"" ~ ""19 and Below"","
"0","    variable == ""06"" ~ ""19 and Below"","
"0","    variable == ""07"" ~ ""19 and Below"","
"0","    variable == ""08"" ~ ""20 to 44"","
"0","    variable == ""09"" ~ ""20 to 44"","
"0","    variable == ""10"" ~ ""20 to 44"","
"0","    variable == ""11"" ~ ""20 to 44"","
"0","    variable == ""12"" ~ ""20 to 44"","
"0","    variable == ""13"" ~ ""20 to 44"","
"0","    variable == ""14"" ~ ""20 to 44"","
"0","    variable == ""15"" ~ ""45 to 64"","
"0","    variable == ""16"" ~ ""45 to 64"","
"0","    variable == ""17"" ~ ""45 to 64"","
"0","    variable == ""18"" ~ ""45 to 64"","
"0","    variable == ""19"" ~ ""65 and Above"","
"0","    variable == ""20"" ~ ""65 and Above"","
"0","    variable == ""21"" ~ ""65 and Above"","
"0","    variable == ""22"" ~ ""65 and Above"","
"0","    variable == ""23"" ~ ""65 and Above"","
"0","    variable == ""24"" ~ ""65 and Above"","
"0","    variable == ""25"" ~ ""65 and Above"","
"0","    variable == ""27"" ~ ""19 and Below"","
"0","    variable == ""28"" ~ ""19 and Below"","
"0","    variable == ""29"" ~ ""19 and Below"","
"0","    variable == ""30"" ~ ""19 and Below"","
"0","    variable == ""31"" ~ ""19 and Below"","
"0","    variable == ""32"" ~ ""20 to 44"","
"0","    variable == ""33"" ~ ""20 to 44"","
"0","    variable == ""34"" ~ ""20 to 44"","
"0","    variable == ""35"" ~ ""20 to 44"","
"0","    variable == ""36"" ~ ""20 to 44"","
"0","    variable == ""37"" ~ ""20 to 44"","
"0","    variable == ""38"" ~ ""20 to 44"","
"0","    variable == ""39"" ~ ""45 to 64"","
"0","    variable == ""40"" ~ ""45 to 64"","
"0","    variable == ""41"" ~ ""45 to 64"","
"0","    variable == ""42"" ~ ""45 to 64"","
"0","    variable == ""43"" ~ ""45 to 64"","
"0","    variable == ""44"" ~ ""65 and Above"", "
"0","    variable == ""45"" ~ ""65 and Above"","
"0","    variable == ""46"" ~ ""65 and Above"","
"0","    variable == ""47"" ~ ""65 and Above"","
"0","    variable == ""48"" ~ ""65 and Above"","
"0","    variable == ""49"" ~ ""65 and Above"""
"0","    )"
"0","  )%>% "
"0","  group_by(variable_cat) %>% "
"0","  summarise(age=sum(estimate))"
"2","Getting data from the 2013-2017 5-year ACS
"
"2","Loading ACS5 variables for 2017 from table B01001. To cache this dataset for faster access to ACS tables in the future, run this function with `cache_table = TRUE`. You only need to do this once per ACS dataset.
"
"2","Using FIPS code '17' for state 'IL'
"
"2","Using FIPS code '17' for state 'IL'
"
"2","Using FIPS code '17' for state 'IL'
"
"2","`summarise()` ungrouping output (override with `.groups` argument)
"
"0","region_age_2017<-get_acs(geography = ""county"", state = ""IL"", table = ""B01001"", year=2017, survey=""acs5"", output=""tidy"") %>% "
"0","   filter(NAME %in% c(""Champaign County, Illinois"", ""Ford County, Illinois"", ""Piatt County, Illinois"")) %>% "
"0","  mutate(variable = str_replace(variable, ""B01001_0"", """")) %>% filter(!variable %in% c(""01"", ""02"", ""26"")) %>% "
"0","    mutate(variable_cat = case_when("
"0","    variable == ""03"" ~ ""19 and Below"", "
"0","    variable == ""04"" ~ ""19 and Below"", "
"0","    variable == ""05"" ~ ""19 and Below"","
"0","    variable == ""06"" ~ ""19 and Below"","
"0","    variable == ""07"" ~ ""19 and Below"","
"0","    variable == ""08"" ~ ""20 to 44"","
"0","    variable == ""09"" ~ ""20 to 44"","
"0","    variable == ""10"" ~ ""20 to 44"","
"0","    variable == ""11"" ~ ""20 to 44"","
"0","    variable == ""12"" ~ ""20 to 44"","
"0","    variable == ""13"" ~ ""20 to 44"","
"0","    variable == ""14"" ~ ""20 to 44"","
"0","    variable == ""15"" ~ ""45 to 64"","
"0","    variable == ""16"" ~ ""45 to 64"","
"0","    variable == ""17"" ~ ""45 to 64"","
"0","    variable == ""18"" ~ ""45 to 64"","
"0","    variable == ""19"" ~ ""65 and Above"","
"0","    variable == ""20"" ~ ""65 and Above"","
"0","    variable == ""21"" ~ ""65 and Above"","
"0","    variable == ""22"" ~ ""65 and Above"","
"0","    variable == ""23"" ~ ""65 and Above"","
"0","    variable == ""24"" ~ ""65 and Above"","
"0","    variable == ""25"" ~ ""65 and Above"","
"0","    variable == ""27"" ~ ""19 and Below"","
"0","    variable == ""28"" ~ ""19 and Below"","
"0","    variable == ""29"" ~ ""19 and Below"","
"0","    variable == ""30"" ~ ""19 and Below"","
"0","    variable == ""31"" ~ ""19 and Below"","
"0","    variable == ""32"" ~ ""20 to 44"","
"0","    variable == ""33"" ~ ""20 to 44"","
"0","    variable == ""34"" ~ ""20 to 44"","
"0","    variable == ""35"" ~ ""20 to 44"","
"0","    variable == ""36"" ~ ""20 to 44"","
"0","    variable == ""37"" ~ ""20 to 44"","
"0","    variable == ""38"" ~ ""20 to 44"","
"0","    variable == ""39"" ~ ""45 to 64"","
"0","    variable == ""40"" ~ ""45 to 64"","
"0","    variable == ""41"" ~ ""45 to 64"","
"0","    variable == ""42"" ~ ""45 to 64"","
"0","    variable == ""43"" ~ ""45 to 64"","
"0","    variable == ""44"" ~ ""65 and Above"", "
"0","    variable == ""45"" ~ ""65 and Above"","
"0","    variable == ""46"" ~ ""65 and Above"","
"0","    variable == ""47"" ~ ""65 and Above"","
"0","    variable == ""48"" ~ ""65 and Above"","
"0","    variable == ""49"" ~ ""65 and Above"""
"0","    )"
"0","  )%>% "
"0","  group_by(variable_cat) %>% "
"0","  summarise(age=sum(estimate))"
"2","Getting data from the 2013-2017 5-year ACS
"
"2","Loading ACS5 variables for 2017 from table B01001. To cache this dataset for faster access to ACS tables in the future, run this function with `cache_table = TRUE`. You only need to do this once per ACS dataset.
"
"2","Using FIPS code '17' for state 'IL'
"
"2","Using FIPS code '17' for state 'IL'
"
"2","Using FIPS code '17' for state 'IL'
"
"2","`summarise()` ungrouping output (override with `.groups` argument)
"
