{"working_dir":null,"default_chunk_options":{"echo":true},"chunk_definitions":[{"row":19,"row_count":1,"visible":true,"expansion_state":0,"options":{"engine":"r","label":"setup","include":false},"document_id":"7518591D","chunk_id":"csetup_chunk","chunk_label":"setup"},{"row":46,"row_count":1,"visible":true,"expansion_state":0,"options":{"engine":"r","label":"unnamed-chunk-1"},"document_id":"7518591D","chunk_id":"c3n9c2yuyhljn","chunk_label":"unnamed-chunk-1"},{"row":58,"row_count":1,"visible":true,"expansion_state":0,"options":{"engine":"r","label":"1_FactFinder","echo":false,"fig.cap":"data.census.gov landing page","out.width":"100%"},"document_id":"7518591D","chunk_id":"c2qsyrxamc0ik","chunk_label":"1_FactFinder"},{"row":64,"row_count":1,"visible":true,"expansion_state":0,"options":{"engine":"r","label":"2_FactFinder","echo":false,"fig.caption":"Fact Finder Advanced Search","fic.width":"100%"},"document_id":"7518591D","chunk_id":"cvd64jlggot3a","chunk_label":"2_FactFinder"},{"row":70,"row_count":1,"visible":true,"expansion_state":0,"options":{"engine":"r","label":"3_FactFinder","echo":false,"fig.caption":"Census Geographic Hierarchy","fig_width":"100%"},"document_id":"7518591D","chunk_id":"cj5ddk3iyho7x","chunk_label":"3_FactFinder"},{"row":78,"row_count":1,"visible":true,"expansion_state":0,"options":{"engine":"r","label":"4_FactFinder","echo":false,"fig.caption":"Dataset Selection","fig_width":"100%"},"document_id":"7518591D","chunk_id":"cfexu0013q5gd","chunk_label":"4_FactFinder"},{"row":85,"row_count":1,"visible":true,"expansion_state":0,"options":{"engine":"r","label":"5_FactFinder","echo":false,"fig.caption":"Table Selection","fig_width":"100%"},"document_id":"7518591D","chunk_id":"cju3lg28a6m6l","chunk_label":"5_FactFinder"},{"row":90,"row_count":1,"visible":true,"expansion_state":0,"options":{"engine":"r","label":"6_FactFinder","echo":false,"fig.caption":"Table Selection (2)","fig_width":"100%"},"document_id":"7518591D","chunk_id":"cmeqilue9u456","chunk_label":"6_FactFinder"},{"row":95,"row_count":1,"visible":true,"expansion_state":0,"options":{"engine":"r","label":"7_FactFinder","echo":false,"fig.caption":"Table Selection (2)","fig_width":"100%"},"document_id":"7518591D","chunk_id":"cn69xb6vcur7g","chunk_label":"7_FactFinder"},{"row":100,"row_count":1,"visible":true,"expansion_state":0,"options":{"engine":"r","label":"8_FactFinder","echo":false,"fig.caption":"Table Selection (3)","fig_width":"100%"},"document_id":"7518591D","chunk_id":"cbyqab678a0v5","chunk_label":"8_FactFinder"},{"row":105,"row_count":1,"visible":true,"expansion_state":0,"options":{"engine":"r","label":"9_FactFinder","echo":false,"fig.caption":"Table Selection (3)","fig_width":"100%"},"document_id":"7518591D","chunk_id":"c7vbvgq8mqmqi","chunk_label":"9_FactFinder"},{"row":112,"row_count":1,"visible":true,"expansion_state":0,"options":{"engine":"r","label":"10_FactFinder","echo":false,"fig.caption":"Table Selection (6)","fig_width":"100%"},"document_id":"7518591D","chunk_id":"cf290z6qvqcd0","chunk_label":"10_FactFinder"},{"row":125,"row_count":1,"visible":true,"expansion_state":0,"options":{"engine":"r","label":"11_FactFinder","echo":false,"fig_width":"100%"},"document_id":"7518591D","chunk_id":"c4wcm8d9vv9of","chunk_label":"11_FactFinder"},{"row":160,"row_count":1,"visible":true,"expansion_state":0,"options":{"engine":"r","label":"unnamed-chunk-2"},"document_id":"7518591D","chunk_id":"c67nisdk4j120","chunk_label":"unnamed-chunk-2"},{"row":168,"row_count":1,"visible":true,"expansion_state":0,"options":{"engine":"r","error":false,"message":false,"eval":false,"label":"unnamed-chunk-3"},"document_id":"7518591D","chunk_id":"c9wccriuv28m9","chunk_label":"unnamed-chunk-3"},{"row":203,"row_count":1,"visible":true,"expansion_state":0,"options":{"engine":"r","error":false,"message":false,"eval":false,"label":"unnamed-chunk-4"},"document_id":"7518591D","chunk_id":"cbe1203kbblpm","chunk_label":"unnamed-chunk-5"},{"row":228,"row_count":1,"visible":true,"expansion_state":0,"options":{"engine":"r","error":false,"message":false,"eval":false,"label":"unnamed-chunk-5"},"document_id":"7518591D","chunk_id":"ckzpkabfkfx9a","chunk_label":"unnamed-chunk-6"},{"row":238,"row_count":1,"visible":true,"expansion_state":0,"options":{"engine":"r","eval":false,"label":"unnamed-chunk-6"},"document_id":"7518591D","chunk_id":"cjkd8f6jsokz3","chunk_label":"unnamed-chunk-7"},{"row":247,"row_count":1,"visible":true,"expansion_state":0,"options":{"engine":"r","eval":false,"label":"unnamed-chunk-7"},"document_id":"7518591D","chunk_id":"ch5wh55xxtpof","chunk_label":"unnamed-chunk-8"},{"row":263,"row_count":1,"visible":true,"expansion_state":0,"options":{"engine":"r","eval":false,"label":"unnamed-chunk-8"},"document_id":"7518591D","chunk_id":"cgaldx1g4b0p9","chunk_label":"unnamed-chunk-9"},{"row":274,"row_count":1,"visible":true,"expansion_state":0,"options":{"engine":"r","eval":false,"label":"unnamed-chunk-9"},"document_id":"7518591D","chunk_id":"cl92rjzu0y92q","chunk_label":"unnamed-chunk-10"},{"row":278,"row_count":1,"visible":true,"expansion_state":0,"options":{"engine":"r","label":"unnamed-chunk-10"},"document_id":"7518591D","chunk_id":"ch83vuyt6naz9","chunk_label":"unnamed-chunk-11"},{"row":283,"row_count":1,"visible":true,"expansion_state":0,"options":{"engine":"r","eval":false,"label":"unnamed-chunk-11"},"document_id":"7518591D","chunk_id":"c9vp28rrpo06v","chunk_label":"unnamed-chunk-12"},{"row":293,"row_count":1,"visible":true,"expansion_state":0,"options":{"engine":"r","eval":false,"label":"unnamed-chunk-12"},"document_id":"7518591D","chunk_id":"cyi7mkfor7irp","chunk_label":"unnamed-chunk-13"},{"row":300,"row_count":1,"visible":true,"expansion_state":0,"options":{"engine":"r","eval":false,"label":"unnamed-chunk-14"},"document_id":"7518591D","chunk_id":"ci0kjbly1i7h2","chunk_label":"unnamed-chunk-14"},{"row":315,"row_count":1,"visible":true,"expansion_state":0,"options":{"engine":"r","eval":false,"label":"unnamed-chunk-15"},"document_id":"7518591D","chunk_id":"cgjvgow7dmic2","chunk_label":"unnamed-chunk-15"},{"row":325,"row_count":1,"visible":true,"expansion_state":0,"options":{"engine":"r","eval":false,"label":"unnamed-chunk-16"},"document_id":"7518591D","chunk_id":"cbwfh1md0p5t4","chunk_label":"unnamed-chunk-16"},{"row":344,"row_count":1,"visible":true,"expansion_state":0,"options":{"engine":"r","label":"unnamed-chunk-17"},"document_id":"7518591D","chunk_id":"cr372chukle4k","chunk_label":"unnamed-chunk-17"},{"row":364,"row_count":1,"visible":true,"expansion_state":0,"options":{"engine":"r","label":"unnamed-chunk-19"},"document_id":"7518591D","chunk_id":"c45m2sli54fut","chunk_label":"unnamed-chunk-18"},{"row":370,"row_count":1,"visible":true,"expansion_state":0,"options":{"engine":"r","eval":false,"label":"unnamed-chunk-20"},"document_id":"7518591D","chunk_id":"ctimo81w1qi62","chunk_label":"unnamed-chunk-19"},{"row":379,"row_count":1,"visible":true,"expansion_state":0,"options":{"engine":"r","eval":false,"label":"unnamed-chunk-21"},"document_id":"7518591D","chunk_id":"c5uq4pbs5w5r2","chunk_label":"unnamed-chunk-20"},{"row":383,"row_count":1,"visible":true,"expansion_state":0,"options":{"engine":"r","eval":false,"label":"unnamed-chunk-22"},"document_id":"7518591D","chunk_id":"c76gh6reunrdz","chunk_label":"unnamed-chunk-21"},{"row":402,"row_count":1,"visible":true,"expansion_state":0,"options":{"engine":"r","label":"unnamed-chunk-24"},"document_id":"7518591D","chunk_id":"cmmrtnf5fdrh9","chunk_label":"unnamed-chunk-22"},{"row":423,"row_count":1,"visible":true,"expansion_state":0,"options":{"engine":"r","eval":false,"label":"unnamed-chunk-25"},"document_id":"7518591D","chunk_id":"c3csbyhg9vxod","chunk_label":"unnamed-chunk-24"},{"row":452,"row_count":1,"visible":true,"expansion_state":0,"options":{"engine":"r","label":"unnamed-chunk-28"},"document_id":"7518591D","chunk_id":"ca1hi3jj9dpen","chunk_label":"unnamed-chunk-25"},{"row":464,"row_count":1,"visible":true,"expansion_state":0,"options":{"engine":"r","label":"unnamed-chunk-29"},"document_id":"7518591D","chunk_id":"ckg090rhb2ipm","chunk_label":"unnamed-chunk-26"},{"row":475,"row_count":1,"visible":true,"expansion_state":0,"options":{"engine":"r","label":"unnamed-chunk-30"},"document_id":"7518591D","chunk_id":"cqrwghwd0wbkl","chunk_label":"unnamed-chunk-28"},{"row":496,"row_count":1,"visible":true,"expansion_state":0,"options":{"engine":"r","label":"unnamed-chunk-32"},"document_id":"7518591D","chunk_id":"c86963qvpjed7","chunk_label":"unnamed-chunk-29"},{"row":553,"row_count":1,"visible":true,"expansion_state":0,"options":{"engine":"r","eval":false,"label":"unnamed-chunk-34"},"document_id":"7518591D","chunk_id":"chtpzchybi369","chunk_label":"unnamed-chunk-30"},{"row":564,"row_count":1,"visible":true,"expansion_state":0,"options":{"engine":"r","label":"unnamed-chunk-36"},"document_id":"7518591D","chunk_id":"c9brcoobmzsx6","chunk_label":"unnamed-chunk-31"},{"row":681,"row_count":1,"visible":true,"expansion_state":0,"options":{"engine":"r","label":"unnamed-chunk-37"},"document_id":"7518591D","chunk_id":"cum3zlg38j6kh","chunk_label":"unnamed-chunk-32"},{"row":686,"row_count":1,"visible":true,"expansion_state":0,"options":{"engine":"r","label":"unnamed-chunk-38"},"document_id":"7518591D","chunk_id":"celt3ul27xn5i","chunk_label":"unnamed-chunk-33"},{"row":693,"row_count":1,"visible":true,"expansion_state":0,"options":{"engine":"r","label":"unnamed-chunk-40"},"document_id":"7518591D","chunk_id":"cdbbl6c0lypdq","chunk_label":"unnamed-chunk-34"},{"row":705,"row_count":1,"visible":true,"expansion_state":0,"options":{"engine":"r","eval":false,"label":"unnamed-chunk-42"},"document_id":"7518591D","chunk_id":"crnshebdz55e9","chunk_label":"unnamed-chunk-35"}],"doc_write_time":1614091845,"chunk_rendered_width":431}