{"chunk_definitions":[{"row":19,"row_count":1,"visible":true,"expansion_state":0,"options":{"engine":"r","label":"setup","include":false},"document_id":"2AD8C8BC","chunk_id":"csetup_chunk","chunk_label":"setup"},{"row":46,"row_count":1,"visible":true,"expansion_state":0,"options":{"engine":"r","label":"unnamed-chunk-2"},"document_id":"2AD8C8BC","chunk_id":"c69s078gfvenj","chunk_label":"unnamed-chunk-1"},{"row":67,"row_count":1,"visible":true,"expansion_state":0,"options":{"engine":"r","label":"unnamed-chunk-3"},"document_id":"2AD8C8BC","chunk_id":"cc11ud8oayksj","chunk_label":"unnamed-chunk-2"},{"row":79,"row_count":1,"visible":true,"expansion_state":0,"options":{"engine":"r","label":"unnamed-chunk-4"},"document_id":"2AD8C8BC","chunk_id":"c8d2iyvph4mzd","chunk_label":"unnamed-chunk-3"},{"row":94,"row_count":1,"visible":true,"expansion_state":0,"options":{"engine":"r","label":"unnamed-chunk-5"},"document_id":"2AD8C8BC","chunk_id":"cfdqtvrrh6s2n","chunk_label":"unnamed-chunk-4"},{"row":109,"row_count":1,"visible":true,"expansion_state":0,"options":{"engine":"r","label":"unnamed-chunk-6"},"document_id":"2AD8C8BC","chunk_id":"c8rhv6ntien5f","chunk_label":"unnamed-chunk-5"},{"row":119,"row_count":1,"visible":true,"expansion_state":0,"options":{"engine":"r","label":"unnamed-chunk-7"},"document_id":"2AD8C8BC","chunk_id":"c54h50cs2t5qt","chunk_label":"unnamed-chunk-6"},{"row":138,"row_count":1,"visible":true,"expansion_state":0,"options":{"engine":"r","label":"unnamed-chunk-8"},"document_id":"2AD8C8BC","chunk_id":"c2zexq3o9oix5","chunk_label":"unnamed-chunk-7"},{"row":144,"row_count":1,"visible":true,"expansion_state":0,"options":{"engine":"r","label":"unnamed-chunk-9"},"document_id":"2AD8C8BC","chunk_id":"c5rser11rdo4q","chunk_label":"unnamed-chunk-8"},{"row":153,"row_count":1,"visible":true,"expansion_state":0,"options":{"engine":"r","label":"unnamed-chunk-1"},"document_id":"2AD8C8BC","chunk_id":"ck9fde56oyngo","chunk_label":"unnamed-chunk-9"},{"row":161,"row_count":1,"visible":true,"expansion_state":0,"options":{"engine":"r","label":"unnamed-chunk-3"},"document_id":"2AD8C8BC","chunk_id":"chhi4qv1y3nzw","chunk_label":"unnamed-chunk-10"},{"row":167,"row_count":1,"visible":true,"expansion_state":0,"options":{"engine":"r","label":"unnamed-chunk-4"},"document_id":"2AD8C8BC","chunk_id":"c5ve02w5fpcp6","chunk_label":"unnamed-chunk-11"},{"row":176,"row_count":1,"visible":true,"expansion_state":0,"options":{"engine":"r","label":"unnamed-chunk-5"},"document_id":"2AD8C8BC","chunk_id":"cjcle7wda6uf6","chunk_label":"unnamed-chunk-12"},{"row":183,"row_count":1,"visible":true,"expansion_state":0,"options":{"engine":"r","label":"unnamed-chunk-6"},"document_id":"2AD8C8BC","chunk_id":"ck9oc8ge5m7dv","chunk_label":"unnamed-chunk-13"},{"row":191,"row_count":1,"visible":true,"expansion_state":0,"options":{"engine":"r","label":"unnamed-chunk-8"},"document_id":"2AD8C8BC","chunk_id":"ct3sev8sy9pzs","chunk_label":"unnamed-chunk-14"},{"row":212,"row_count":1,"visible":true,"expansion_state":0,"options":{"engine":"r","label":"unnamed-chunk-1"},"document_id":"2AD8C8BC","chunk_id":"ca4g2m48hnec8","chunk_label":"unnamed-chunk-15"}],"doc_write_time":1614709286,"working_dir":null,"default_chunk_options":{"echo":true}}