"0","# Your Code Here
county_race_2017<-get_acs(geography = ""county"", state = ""IL"", table = ""B02001"", year=2017, survey=""acs5"", output=""wide"") %>%
  filter(NAME == ""Champaign County, Illinois"") %>% 
  mutate(pop_other = B02001_001E-(B02001_002E + B02001_003E+ B02001_005E)) %>% 
  rename(pop_tot = B02001_001E, pop_white = B02001_002E, pop_black = B02001_003E, pop_asian = B02001_005E) %>% 
  select(NAME, pop_tot, pop_white, pop_black, pop_asian, pop_other)
"
"2","Getting data from the 2013-2017 5-year ACS
"
"2","Loading ACS5 variables for 2017 from table B02001. To cache this dataset for faster access to ACS tables in the future, run this function with `cache_table = TRUE`. You only need to do this once per ACS dataset.
"
"2","Using FIPS code '17' for state 'IL'
"
