{"chunk_definitions":[{"row":16,"row_count":1,"visible":true,"expansion_state":0,"options":{"engine":"r","label":"setup","include":false},"document_id":"B65C8CB3","chunk_id":"csetup_chunk","chunk_label":"setup"},{"row":74,"row_count":1,"visible":true,"expansion_state":0,"options":{"engine":"r","label":"unnamed-chunk-1"},"document_id":"B65C8CB3","chunk_id":"cxijfctaw9mdt","chunk_label":"unnamed-chunk-3"},{"row":81,"row_count":1,"visible":true,"expansion_state":0,"options":{"engine":"r","label":"unnamed-chunk-2"},"document_id":"B65C8CB3","chunk_id":"clox3nrp2uzl4","chunk_label":"unnamed-chunk-4"},{"row":86,"row_count":1,"visible":true,"expansion_state":0,"options":{"engine":"r","label":"unnamed-chunk-7"},"document_id":"B65C8CB3","chunk_id":"c7xrxauqh1k09","chunk_label":"unnamed-chunk-5"},{"row":162,"row_count":1,"visible":true,"expansion_state":0,"options":{"engine":"r","label":"unnamed-chunk-8"},"document_id":"B65C8CB3","chunk_id":"cpy12fdp8qiwd","chunk_label":"unnamed-chunk-11"},{"row":293,"row_count":1,"visible":true,"expansion_state":0,"options":{"engine":"r","label":"unnamed-chunk-23"},"document_id":"B65C8CB3","chunk_id":"ce2ipi4uqnbm6","chunk_label":"unnamed-chunk-21"},{"row":308,"row_count":1,"visible":true,"expansion_state":0,"options":{"engine":"r","label":"unnamed-chunk-42"},"document_id":"B65C8CB3","chunk_id":"cntr8w1chv02o","chunk_label":"unnamed-chunk-22"},{"row":319,"row_count":1,"visible":true,"expansion_state":0,"options":{"engine":"r","label":"unnamed-chunk-56"},"document_id":"B65C8CB3","chunk_id":"c1cqk6demjak4","chunk_label":"unnamed-chunk-23"},{"row":329,"row_count":1,"visible":true,"expansion_state":0,"options":{"engine":"r","label":"unnamed-chunk-1"},"document_id":"B65C8CB3","chunk_id":"cytaijo30vv52","chunk_label":"unnamed-chunk-24"},{"row":339,"row_count":1,"visible":true,"expansion_state":0,"options":{"engine":"r","label":"unnamed-chunk-2"},"document_id":"B65C8CB3","chunk_id":"c02xxyfe7zr7w","chunk_label":"unnamed-chunk-25"},{"row":358,"row_count":1,"visible":true,"expansion_state":0,"options":{"engine":"r","label":"unnamed-chunk-14"},"document_id":"B65C8CB3","chunk_id":"cfakihm2xz53q","chunk_label":"unnamed-chunk-26"},{"row":366,"row_count":1,"visible":true,"expansion_state":0,"options":{"engine":"r","label":"unnamed-chunk-15"},"document_id":"B65C8CB3","chunk_id":"c0wnp30iwvbd9","chunk_label":"unnamed-chunk-27"},{"row":379,"row_count":1,"visible":true,"expansion_state":0,"options":{"engine":"r","label":"unnamed-chunk-68"},"document_id":"B65C8CB3","chunk_id":"cxpu5ngo2mqip","chunk_label":"unnamed-chunk-28"}],"doc_write_time":1612820434,"working_dir":null,"default_chunk_options":{"echo":true},"chunk_rendered_width":633}